{"loss": [1.4234809875488281, 0.4608466923236847, 0.27385854721069336, 0.1907779425382614, 0.1377643495798111, 0.1104869395494461, 0.0863858163356781, 0.07689042389392853, 0.06644463539123535, 0.05623447522521019], "accuracy": [0.5817056894302368, 0.8560352921485901, 0.9116295576095581, 0.9380894899368286, 0.9558290243148804, 0.9638665914535522, 0.9709083437919617, 0.9749910831451416, 0.9783199429512024, 0.9817625880241394], "val_loss": [0.493853360414505, 0.31865164637565613, 0.20973077416419983, 0.19658377766609192, 0.15359923243522644, 0.1428924947977066, 0.1269456297159195, 0.1510743647813797, 0.14418594539165497, 0.10549964010715485], "val_accuracy": [0.8434441089630127, 0.8960277438163757, 0.9314818978309631, 0.9367744326591492, 0.950717031955719, 0.9533917307853699, 0.9628955125808716, 0.9545299410820007, 0.9561233520507812, 0.9692692756652832]}